id;client_name;mobile_no;email;billing_address;company_name;company_contact_no;website;gstin_number;description;client_type;isactivated;free_field_1;is_approved;name_of_beneficiary;account_number;bank_name;account_type;ifsc_code;gst_certificate_image;gst_certificate_image_content_type;pan_card_image;pan_card_image_content_type;cancelled_cheque_image;cancelled_cheque_image_content_type;ud_yog_aadhar_image;ud_yog_aadhar_image_content_type;last_modified;last_modified_by
1;Dynamic Mouse;Hawaii Outdoors;Cydney55@hotmail.com;Missouri Buckinghamshire;implement Secured back-end;visionary Computers;Synchronised Branding;Realigned Account;target Account;SUPPLIER;true;web-enabled Reactive;true;Granite Central;azure Algerian;Manager PNG violet;redundant;navigate;../fake-data/blob/hipster.png;image/png;../fake-data/blob/hipster.png;image/png;../fake-data/blob/hipster.png;image/png;../fake-data/blob/hipster.png;image/png;PCI Communications Home;Plastic lavender Mobility
2;software tan Multi-lateral;Licensed Future-proofed;Bella.Kuhic@gmail.com;monitoring e-business;Corporate Account;Small;real-time Communications Checking;Carolina;zero;OTHER;false;online Cross-platform Granite;false;Product;Steel Trafficway boliviano;Table;Interactions;Orchestrator Implemented;../fake-data/blob/hipster.png;image/png;../fake-data/blob/hipster.png;image/png;../fake-data/blob/hipster.png;image/png;../fake-data/blob/hipster.png;image/png;cross-platform Franc Concrete;Granite Market
3;Pizza Chips Table;convergence Buckinghamshire;Mylene8@hotmail.com;card Plastic National;collaboration paradigms Movies;hardware Ergonomic National;Research;Dynamic Borders multi-byte;panel Front-line Granite;SUPPLIER;false;HDD radical;false;Designer District;virtual supply-chains;Intranet parsing;silver Checking Shoes;Ohio;../fake-data/blob/hipster.png;image/png;../fake-data/blob/hipster.png;image/png;../fake-data/blob/hipster.png;image/png;../fake-data/blob/hipster.png;image/png;Granite Branch;Indiana Pound
4;extranet;Avon conglomeration markets;Jaquelin1@hotmail.com;generating Account;Auto Division Cambridgeshire;orchestrate wireless;bus;Developer;one-to-one Liaison product;BOTH;false;Buckinghamshire transmit Regional;false;Outdoors;human-resource Kids;Franc toolset indigo;deposit HDD Pierre;Account Australia;../fake-data/blob/hipster.png;image/png;../fake-data/blob/hipster.png;image/png;../fake-data/blob/hipster.png;image/png;../fake-data/blob/hipster.png;image/png;Car Assistant;e-commerce THX
5;zero;vortals Loan;Terrill.Carroll39@gmail.com;Soap 24/7;Synergized;systems iterate Salad;Licensed;Convertible Small;cross-platform;BOTH;false;input bandwidth Plastic;true;RSS;bandwidth;indigo pink;modular Won Electronics;Wisconsin JSON Awesome;../fake-data/blob/hipster.png;image/png;../fake-data/blob/hipster.png;image/png;../fake-data/blob/hipster.png;image/png;../fake-data/blob/hipster.png;image/png;copy orange microchip;Rubber Kitts
6;Dollar invoice;Taiwan;Jayda.Stamm35@hotmail.com;Steel Assimilated;invoice Handmade Loan;interactive mint;Rubber dot-com Lead;Central;blockchains;BOTH;true;turquoise;false;indigo Table static;Account middleware;Belize cultivate adapter;Ukraine synthesizing Computers;Borders calculate firewall;../fake-data/blob/hipster.png;image/png;../fake-data/blob/hipster.png;image/png;../fake-data/blob/hipster.png;image/png;../fake-data/blob/hipster.png;image/png;pixel;Frozen
7;Industrial Kroon connecting;Small;Kasey.Brown@yahoo.com;Balanced;New Metal;communities;Account;Maine;Computers Avon HDD;SUPPLIER;true;index;true;virtual explicit;Alabama customized;Profound Fords leading-edge;engineer Belarus Handcrafted;Handmade Account Sports;../fake-data/blob/hipster.png;image/png;../fake-data/blob/hipster.png;image/png;../fake-data/blob/hipster.png;image/png;../fake-data/blob/hipster.png;image/png;Incredible portals;Keyboard Cheese
8;Sri;Common connecting Auto;Xzavier.Bartoletti@hotmail.com;Pike;extend Frozen;Squares JBOD Guinea-Bissau;Kwacha;Cambridgeshire Hat;open-source program;OTHER;true;indigo;false;Jersey;Fresh;productize;Coordinator;Lesotho invoice Account;../fake-data/blob/hipster.png;image/png;../fake-data/blob/hipster.png;image/png;../fake-data/blob/hipster.png;image/png;../fake-data/blob/hipster.png;image/png;Mouse Mobility Architect;Ergonomic
9;bypass Bermuda holistic;array Health;Andre.Jacobson43@yahoo.com;Bedfordshire Buckinghamshire;back-end withdrawal Cross-group;TCP enable withdrawal;Chicken;navigating Regional Frozen;program Soap Corporate;OTHER;false;Account;false;Garden Games Games;utilize Alabama Solutions;transmitter;Handmade RSS parsing;payment Solutions leverage;../fake-data/blob/hipster.png;image/png;../fake-data/blob/hipster.png;image/png;../fake-data/blob/hipster.png;image/png;../fake-data/blob/hipster.png;image/png;Configuration teal Money;interactive Falkland
10;purple;calculate models;Kurtis_Spinka@yahoo.com;payment index;Shoes;Maine Colorado;ability;deposit toolset;District transform Granite;SUPPLIER;true;value-added Global Corporate;false;Rupee value-added Dynamic;repurpose Norfolk Soft;users Metal;Incredible SCSI Intelligent;Car;../fake-data/blob/hipster.png;image/png;../fake-data/blob/hipster.png;image/png;../fake-data/blob/hipster.png;image/png;../fake-data/blob/hipster.png;image/png;Automated Administrator;Oklahoma lavender TCP
